Name,NumberOfLinesAdded,NumberOfLinesRemoved,ChangedByNCommitsInCurrentVersion,ChangedByNCommitsInCurrentVersionAndPreviousVersions,BugsFixedInNCommits,AuthorsInCurrentVersion,AuthorsInCurrentAndPreviousVersions,AuthorsAvgExpertise,AuthorsMinExpertise,AvgCommitTimeForCurrentVersion,AvgCommitTimeForCurrentVersionAndPreviousVersions,ChangedComments,UnchangedComments
TestLowLevelLrfuCachePolicy.java,40,0,1,20,0,1,20,236,236,0,65,1,0
TestAMReporter.java,3,0,1,5,0,1,5,335,335,0,64,0,1
LlapServiceDriver.java,1,0,1,62,0,1,62,8,8,0,19,2,0
LlapStatusServiceDriver.java,0,195,1,20,0,1,20,8,8,0,42,55,0
LlapOptionsProcessor.java,0,4,1,25,0,1,25,8,8,0,50,2,0
LlapSliderUtils.java,0,79,1,7,0,1,7,8,8,0,84,9,0
LowLevelLrfuCachePolicy.java,65,0,1,35,0,1,35,236,236,0,36,1,0
LowLevelCacheMemoryManager.java,12,0,1,25,0,1,25,236,236,0,49,0,1
OrcFileMetadata.java,14,0,2,16,0,2,16,369,335,20,81,0,2
ConsumerFileMetadata.java,3,0,2,4,0,2,4,369,335,20,171,0,2
OrcEncodedDataReader.java,2,0,2,93,0,2,93,369,335,20,13,0,2
SerDeEncodedDataReader.java,20,0,2,23,0,2,23,369,335,20,23,0,2
VectorDeserializeOrcWriter.java,41,0,1,5,0,1,5,403,403,0,121,0,1
GenericColumnVectorProducer.java,3,0,2,8,0,2,8,369,335,3,73,0,2
OrcEncodedDataConsumer.java,12,0,3,50,0,3,50,369,335,16,24,0,2
LlapIoImpl.java,3,0,1,55,0,1,55,236,236,0,23,0,1
LlapInputFormat.java,9,0,2,68,0,2,68,320,236,8,20,0,2
LlapRecordReader.java,20,0,3,24,0,3,24,320,236,10,36,2,1
QueryInfo.java,0,0,1,20,0,1,20,8,8,0,59,2,0
package-info.java,0,0,1,93,0,1,93,31,31,0,33,20,0
HiveHBaseInputFormatUtil.java,0,1,1,8,0,1,8,335,335,0,202,0,1
LazyHBaseRow.java,2,0,1,18,0,1,18,335,335,0,177,0,1
HBaseRowSerializer.java,0,0,1,9,0,1,9,335,335,0,187,0,1
Constants.java,1,0,1,58,0,1,58,17,17,0,62,0,1
Context.java,2,0,6,119,1,6,119,168,51,8,30,15,3
RegexSerDe.java,0,0,1,28,0,1,28,335,335,0,120,0,1
HiveConnection.java,0,0,1,109,0,1,109,128,128,0,31,0,1
Utils.java,0,0,1,110,0,1,110,51,51,0,27,1,0
UpgradeTool.java,808,0,1,1,0,1,1,238,238,0,0,161,0
TestUpgradeTool.java,291,0,1,1,0,1,1,238,238,0,0,43,0
TestHiveAccumuloTypes.java,1,0,2,4,0,2,4,335,335,3,468,0,2
TestAccumuloRangeGenerator.java,0,0,1,5,0,1,5,335,335,0,350,0,1
LlapRowRecordReader.java,4,0,1,11,0,1,11,311,311,0,76,1,0
LlapBaseRecordReader.java,0,1,1,11,0,1,11,311,311,0,76,24,0
LlapServiceInstance.java,0,0,1,2,0,1,2,8,8,0,299,2,0
VerifyFast.java,0,0,1,10,0,1,10,335,335,0,129,0,1
SerdeRandomRowSource.java,0,1,1,5,0,1,5,335,335,0,166,0,1
MyTestPrimitiveClass.java,0,5,1,6,0,1,6,335,335,0,232,0,1
MyTestClass.java,0,0,1,16,0,1,16,335,335,0,217,0,1
MyTestClassSmaller.java,0,1,1,9,0,1,9,335,335,0,405,0,1
MyTestClassBigger.java,0,1,1,12,0,1,12,335,335,0,294,0,1
TestLazyPrimitive.java,0,1,1,16,0,1,16,335,335,0,227,0,1
TestTimestampWritableV2.java,520,0,1,1,0,1,1,335,335,0,0,0,1
TestDateWritableV2.java,241,0,1,1,0,1,1,335,335,0,0,4,0
TestStandardObjectInspectors.java,0,0,1,16,0,1,16,335,335,0,237,0,1
TestLazySimpleDeserializeRead.java,84,0,1,1,0,1,1,155,155,0,0,26,0
TestPrimitiveObjectInspectorUtils.java,0,0,1,10,0,1,10,335,335,0,194,0,1
RandomTypeUtil.java,0,0,1,9,0,1,9,335,335,0,107,24,0
Serializer.java,475,0,5,17,0,5,17,93,21,8,222,34,0
JsonSerDe.java,0,0,3,54,0,3,54,369,335,6,36,0,3
Deserializer.java,374,0,5,14,0,5,14,93,21,8,274,50,0
BinarySortableSerDe.java,0,0,1,40,0,1,40,335,335,0,83,0,1
LazyBinaryUtils.java,0,0,1,33,0,1,33,335,335,0,101,0,1
LazyBinaryDate.java,0,0,1,5,0,1,5,335,335,0,447,0,1
LazyBinarySerDe2.java,0,0,1,3,0,1,3,335,335,0,132,0,1
LazyBinarySerDe.java,0,0,1,37,0,1,37,335,335,0,89,0,1
LazyBinaryTimestamp.java,0,0,1,4,0,1,4,335,335,0,834,0,1
SerializeWrite.java,0,0,1,10,0,1,10,335,335,0,129,0,1
DeserializeRead.java,0,0,1,11,0,1,11,335,335,0,116,0,1
LazyTimestamp.java,0,0,1,9,0,1,9,335,335,0,312,0,1
VerifyLazy.java,0,0,1,3,0,1,3,335,335,0,198,0,1
LazyDate.java,0,0,1,7,0,1,7,335,335,0,298,0,1
AvroSerializer.java,0,3,1,16,0,1,16,335,335,0,147,0,1
AvroDeserializer.java,0,0,1,28,0,1,28,335,335,0,81,0,1
DateWritableV2.java,154,0,1,1,0,1,1,335,335,0,0,40,0
TimestampLocalTZWritable.java,0,0,1,3,0,1,3,335,335,0,150,4,0
TimestampWritableV2.java,625,0,1,1,0,1,1,335,335,0,0,145,0
ObjectInspectorUtils.java,0,2,1,76,0,1,76,335,335,0,47,0,1
BinarySortableDeserializeRead.java,0,0,1,15,0,1,15,335,335,0,83,0,1
BinarySortableSerializeWrite.java,0,0,1,13,0,1,13,335,335,0,96,0,1
LazyBinarySerializeWrite.java,0,0,1,12,0,1,12,335,335,0,105,0,1
LazyBinaryDeserializeRead.java,0,0,1,14,0,1,14,335,335,0,89,0,1
LazySimpleDeserializeRead.java,1,0,2,26,0,2,26,245,155,20,46,0,2
LazySimpleSerializeWrite.java,0,0,1,12,0,1,12,335,335,0,105,0,1
LazyTimestampObjectInspector.java,0,0,1,5,0,1,5,335,335,0,626,0,1
LazyDateObjectInspector.java,0,1,1,4,0,1,4,335,335,0,596,2,0
WritableHiveCharObjectInspector.java,0,4,1,9,0,1,9,335,335,0,210,0,1
WritableDateObjectInspector.java,13,0,1,5,0,1,5,335,335,0,447,2,0
SettableDateObjectInspector.java,5,0,1,3,0,1,3,335,335,0,894,0,1
JavaConstantTimestampObjectInspector.java,0,1,1,3,0,1,3,335,335,0,590,0,1
WritableConstantDateObjectInspector.java,0,1,1,4,0,1,4,335,335,0,596,0,1
WritableTimestampObjectInspector.java,12,0,1,5,0,1,5,335,335,0,626,0,1
PrimitiveObjectInspectorUtils.java,2,0,1,47,0,1,47,335,335,0,72,1,0
DateObjectInspector.java,0,1,1,4,0,1,4,335,335,0,596,0,1
TimestampObjectInspector.java,0,1,1,4,0,1,4,335,335,0,834,0,1
WritableHiveVarcharObjectInspector.java,0,0,1,13,0,1,13,335,335,0,144,0,1
WritableConstantTimestampObjectInspector.java,0,1,1,4,0,1,4,335,335,0,814,0,1
JavaTimestampObjectInspector.java,10,0,1,6,0,1,6,335,335,0,500,0,1
JavaConstantDateObjectInspector.java,0,1,1,3,0,1,3,335,335,0,590,0,1
JavaDateObjectInspector.java,13,0,1,5,0,1,5,335,335,0,447,0,1
PrimitiveObjectInspectorConverter.java,0,0,1,27,0,1,27,335,335,0,125,0,1
SettableTimestampObjectInspector.java,5,0,1,3,0,1,3,335,335,0,1252,0,1
PrimitiveObjectInspectorFactory.java,0,0,1,28,0,1,28,335,335,0,124,0,1
HiveAlterHandler.java,0,45,4,88,0,4,88,132,2,7,37,16,2
HiveMetaStoreClient.java,10,0,5,243,1,5,243,184,51,6,14,3,2
AcidEventListener.java,51,0,1,4,0,1,4,238,238,0,269,0,1
TransactionalValidationListener.java,32,0,8,25,0,8,25,207,27,4,35,6,5
ObjectStore.java,230,0,4,330,0,4,330,188,51,9,10,2,3
MetaStoreEventListener.java,4,0,1,23,0,1,23,222,222,0,117,0,1
MetaStoreDirectSql.java,96,0,2,107,0,2,107,286,236,13,16,4,0
HiveMetaStore.java,128,0,8,464,0,8,464,184,2,3,7,16,4
IHMSHandler.java,0,15,1,8,0,1,8,222,222,0,295,10,0
Warehouse.java,51,0,2,87,0,2,87,156,2,17,41,2,0
MaterializationsRebuildLockCleanerTask.java,20,0,1,2,0,1,2,335,335,0,105,0,1
ReplChangeManager.java,23,0,1,16,0,1,16,2,2,0,34,1,0
RawStore.java,8,0,2,116,0,2,116,182,128,8,30,0,2
MetaStoreListenerNotifier.java,3,0,1,15,0,1,15,222,222,0,30,0,1
IMetaStoreClient.java,16,0,3,159,0,3,159,228,128,14,22,13,1
NumDistinctValueEstimatorFactory.java,1,0,1,5,0,1,5,117,117,0,35,0,1
HyperLogLogUtils.java,17,0,1,3,0,1,3,117,117,0,70,7,0
HLLSparseRegister.java,1,0,2,4,0,2,4,260,117,173,104,3,0
HLLDenseRegister.java,25,0,1,4,0,1,4,117,117,0,46,13,0
HyperLogLog.java,30,0,3,7,0,3,7,252,117,86,52,11,1
InitializeTableWriteIdsRequest.java,42,0,1,1,0,1,1,238,238,0,0,16,0
FileUtils.java,11,0,1,98,0,1,98,51,51,0,34,4,0
HiveStrictManagedUtils.java,100,0,2,2,0,2,2,311,311,19,19,24,1
MetaStoreUtils.java,39,0,3,186,0,3,186,196,17,7,19,2,2
HiveSchemaHelper.java,7,0,4,24,0,4,24,128,128,18,75,0,4
HiveMetaTool.java,0,409,1,13,0,1,13,238,238,0,174,77,0
AlterCatalogMessage.java,29,0,1,1,0,1,1,222,222,0,0,16,0
EventMessage.java,1,0,1,10,0,1,10,222,222,0,61,0,1
MessageFactory.java,0,0,1,56,0,1,56,222,222,0,34,0,1
EventUtils.java,0,0,1,9,1,1,9,51,51,0,71,0,1
CachedStore.java,17,0,2,57,0,2,57,182,128,8,7,0,2
TxnHandler.java,344,0,6,127,0,6,127,208,51,5,12,50,1
TxnStore.java,25,0,3,22,0,3,22,286,238,14,41,24,1
TxnDbUtil.java,9,0,2,29,0,2,29,193,51,11,56,0,2
MDBPrivilege.java,10,0,1,5,0,1,5,128,128,0,673,0,1
MTableColumnPrivilege.java,10,0,1,5,0,1,5,128,128,0,673,0,1
MDatabase.java,19,0,1,9,0,1,9,2,2,0,444,2,0
MTablePrivilege.java,10,0,1,5,0,1,5,128,128,0,673,0,1
MPartitionColumnPrivilege.java,10,0,1,5,0,1,5,128,128,0,673,1,0
MGlobalPrivilege.java,10,0,1,5,0,1,5,128,128,0,673,0,1
MPartitionPrivilege.java,10,0,1,5,0,1,5,128,128,0,673,0,1
MCreationMetadata.java,10,0,1,3,0,1,3,335,335,0,76,4,0
PreAlterCatalogEvent.java,40,0,1,1,0,1,1,222,222,0,0,16,0
PreEventContext.java,1,0,1,12,0,1,12,222,222,0,205,0,1
AlterCatalogEvent.java,44,0,1,1,0,1,1,222,222,0,0,16,0
MetastoreConf.java,21,0,5,32,0,5,32,294,236,7,10,0,5
EnumValidator.java,26,0,1,1,0,1,1,236,236,0,0,16,0
HiveObjectPrivilegeBuilder.java,6,0,1,2,0,1,2,128,128,0,161,0,1
JSONMessageFactory.java,0,0,1,62,0,1,62,222,222,0,31,0,1
JSONAlterCatalogMessage.java,90,0,1,1,0,1,1,222,222,0,0,19,0
Materialization.java,0,363,1,13,0,1,13,335,335,0,16,3,0
Partition.java,11,0,1,128,0,1,128,27,27,0,28,2,0
WMGetAllResourcePlanResponse.java,0,0,1,13,0,1,13,335,335,0,20,0,1
SchemaVersion.java,0,0,1,7,0,1,7,335,335,0,17,0,1
FindSchemasByColsResp.java,0,0,1,7,0,1,7,335,335,0,17,0,1
WMFullResourcePlan.java,0,0,1,12,0,1,12,335,335,0,21,0,1
Table.java,4,0,1,175,0,1,175,222,222,0,20,0,1
Date.java,0,206,1,13,0,1,13,335,335,0,96,25,0
CreationMetadata.java,103,0,1,10,0,1,10,335,335,0,16,2,0
HiveObjectPrivilege.java,104,0,1,16,0,1,16,128,128,0,179,1,0
WMGetTriggersForResourePlanResponse.java,0,0,1,15,0,1,15,335,335,0,17,0,1
AlterCatalogRequest.java,504,0,1,1,0,1,1,222,222,0,0,26,0
WMValidateResourcePlanResponse.java,0,0,1,15,0,1,15,335,335,0,17,0,1
ThriftHiveMetastore.java,1100,0,3,145,0,3,145,228,128,14,24,47,0
NonCatCallsWithCatalog.java,1158,0,2,2,0,2,2,278,222,30,30,4,0
TestStats.java,4,0,1,3,0,1,3,335,335,0,22,0,0
DummyRawStoreControlledCommit.java,20,0,2,87,0,2,87,182,128,8,22,0,2
HiveMetaStoreClientPreCatalog.java,3,0,3,13,0,3,13,228,128,14,8,1,2
DummyRawStoreForJdoConnection.java,20,0,2,93,0,2,93,182,128,8,24,0,2
TestCatalogOldClient.java,0,0,1,2,0,1,2,335,335,0,44,0,0
TestCatalogNonDefaultSvr.java,0,2,1,2,0,1,2,335,335,0,44,0,0
InjectableBehaviourObjectStore.java,107,0,1,6,0,1,6,51,51,0,78,5,0
TestOldSchema.java,2,0,1,9,0,1,9,335,335,0,36,0,0
TestCatalogNonDefaultClient.java,0,0,1,2,0,1,2,335,335,0,44,0,0
TestHyperLogLog.java,108,0,1,4,0,1,4,117,117,0,71,15,0
TestHyperLogLogMerge.java,147,0,1,1,0,1,1,117,117,0,0,18,0
TestCatalogs.java,47,0,1,2,0,1,2,222,222,0,65,3,0
TestFunctions.java,0,2,1,5,0,1,5,236,236,0,34,3,0
MetaStoreClientTest.java,0,0,3,4,0,3,4,169,27,0,38,0,3
TestTablesCreateDropAlterTruncate.java,1,0,3,10,0,3,10,207,51,10,16,0,3
TestHS2HttpServer.java,21,0,1,13,0,1,13,335,335,0,71,0,0
AbstractService.java,9,0,1,8,0,1,8,236,236,0,271,0,0
CLIService.java,3,0,1,55,0,1,55,236,236,0,35,0,0
HiveServer2.java,39,0,3,98,0,3,98,189,128,10,19,1,1
Operation.java,27,0,1,51,0,1,51,403,403,0,38,0,1
HiveCommandOperation.java,0,2,1,28,0,1,28,403,403,0,71,0,1
MetadataOperation.java,0,0,1,12,0,1,12,403,403,0,174,0,1
SQLOperation.java,2,0,1,77,0,1,77,403,403,0,25,0,1
EmbeddedThriftBinaryCLIService.java,17,0,1,10,0,1,10,128,128,0,191,6,0
ThriftBinaryCLIService.java,16,0,1,23,0,1,23,29,29,0,78,1,0
ThriftCLIService.java,0,2,1,67,0,1,67,29,29,0,29,0,1
ThriftHttpCLIService.java,26,0,1,30,0,1,30,29,29,0,59,13,0
TestStreamingDynamicPartitioning.java,77,0,1,2,0,1,2,403,403,0,37,2,0
TestStreaming.java,10,0,3,57,0,3,57,325,238,14,27,5,1
HiveStreamingConnection.java,10,0,3,7,0,3,7,403,403,4,7,3,1
StrictJsonWriter.java,0,0,1,17,0,1,17,403,403,0,94,0,1
AbstractRecordWriter.java,0,0,1,25,0,1,25,403,403,0,63,0,1
StrictRegexWriter.java,0,0,1,12,0,1,12,403,403,0,40,0,1
HiveSchemaTool.java,75,0,4,58,0,4,58,160,128,11,30,8,2
BeeLine.java,22,0,3,103,0,3,103,58,28,5,18,0,3
Commands.java,3,0,1,66,0,1,66,28,28,0,29,0,1
Operator.java,19,0,2,183,0,2,183,72,27,2,19,2,0
TestLlapOutputFormat.java,1,0,1,10,0,1,10,311,311,0,90,0,1
TestTxnCommands2.java,72,0,4,73,0,4,73,251,27,11,16,2,1
TestTxnExIm.java,0,22,4,6,0,4,6,270,236,13,11,6,2
TxnCommandsBaseForTests.java,15,0,3,17,0,3,17,286,236,7,16,0,2
TestTxnNoBuckets.java,55,0,4,23,0,4,23,230,117,9,13,6,3
TestTxnCommands.java,111,0,3,57,0,3,57,237,236,14,18,5,2
TestTxnConcatenate.java,65,0,2,3,0,2,3,144,51,20,20,11,0
TestTxnLoadData.java,13,0,2,13,0,2,13,132,27,11,16,2,1
TestSemanticAnalyzer.java,0,0,1,6,0,1,6,335,335,0,336,0,1
StorageHandlerMock.java,103,0,1,1,0,1,1,58,58,0,0,24,0
TestHiveCopyFiles.java,0,0,1,5,0,1,5,27,27,0,142,0,1
TestUDFDateFormatGranularity.java,0,1,1,5,0,1,5,335,335,0,168,0,1
TestDateTimeMath.java,0,0,1,4,0,1,4,335,335,0,396,0,1
TestStatsUpdaterThread.java,472,0,2,2,0,2,2,236,236,0,0,29,1
TestHiveProtoLoggingHook.java,17,0,2,3,0,2,3,31,31,4,25,1,1
TestDbTxnManager2.java,29,0,1,51,0,1,51,58,58,0,22,0,1
TestExpressionFactory.java,0,0,1,2,0,1,2,680,680,0,124,0,1
TestTrigger.java,0,1,1,8,0,1,8,680,680,0,31,0,1
TestFunctionRegistry.java,0,2,1,24,0,1,24,335,335,0,86,0,1
TestUtilities.java,0,1,1,30,0,1,30,335,335,0,84,0,1
TestCopyUtils.java,2,0,1,7,0,1,7,2,2,0,41,0,1
TestGenericUDFLeast.java,0,1,1,4,0,1,4,335,335,0,414,0,1
TestGenericUDFSortArray.java,0,0,1,3,0,1,3,335,335,0,558,0,1
TestGenericUDFGreatest.java,0,1,1,4,0,1,4,335,335,0,414,0,1
TestGenericUDFNextDay.java,0,6,1,6,0,1,6,335,335,0,245,0,1
TestGenericUDFDateSub.java,0,0,1,7,0,1,7,335,335,0,272,0,1
TestGenericUDFQuarter.java,0,7,1,4,0,1,4,335,335,0,380,0,1
TestGenericUDFFromUtcTimestamp.java,0,5,1,3,0,1,3,335,335,0,448,0,1
TestGenericUDFDateAdd.java,0,0,1,7,0,1,7,335,335,0,272,0,1
TestGenericUDFOPMinus.java,0,1,1,8,0,1,8,335,335,0,238,0,1
TestGenericUDFDateFormat.java,0,8,1,4,0,1,4,335,335,0,386,0,1
TestGenericUDFDate.java,0,0,1,7,0,1,7,335,335,0,272,0,1
TestGenericUDFMonthsBetween.java,0,7,1,5,0,1,5,335,335,0,292,0,1
TestGenericUDFLastDay.java,0,13,1,7,0,1,7,335,335,0,207,0,1
TestGenericUDFDateDiff.java,0,0,1,5,0,1,5,335,335,0,409,0,1
TestGenericUDFToUnixTimestamp.java,0,1,1,3,0,1,3,335,335,0,776,0,1
TestGenericUDFNullif.java,0,0,1,4,0,1,4,335,335,0,217,0,1
TestGenericUDFTrunc.java,0,1,1,6,0,1,6,335,335,0,241,0,1
TestGenericUDFAddMonths.java,97,0,2,7,0,2,7,170,4,19,208,2,1
TestGenericUDFOPPlus.java,0,1,1,8,0,1,8,335,335,0,238,0,1
TestCounterMapping.java,6,0,1,5,0,1,5,117,117,0,24,0,1
TestStatEstimations.java,113,0,1,1,0,1,1,117,117,0,0,20,0
TestReOptimization.java,2,0,2,6,0,2,6,226,117,7,17,1,1
TestOperatorCmp.java,2,0,1,4,0,1,4,117,117,0,32,0,1
TestOrcSerDeStats.java,0,0,2,11,0,2,11,335,335,24,172,0,2
TestVectorizedORCReader.java,6,0,3,19,0,3,19,253,21,12,105,0,3
TestVectorizedOrcAcidRowBatchReader.java,0,0,2,14,0,2,14,403,403,22,50,0,2
TestOrcFile.java,0,0,3,59,0,3,59,335,335,12,33,1,2
TestNewInputOutputFormat.java,8,0,1,8,0,1,8,335,335,0,225,0,0
TestInputOutputFormat.java,143,0,4,124,0,4,124,369,335,8,15,10,2
TestOrcRawRecordMerger.java,0,0,1,31,0,1,31,403,403,0,51,0,1
VectorizedColumnReaderTestBase.java,11,0,1,13,0,1,13,335,335,0,44,0,1
TestArrowColumnarBatchSerDe.java,787,0,6,6,0,6,6,154,21,8,8,17,5
TestParquetTimestampUtils.java,0,6,1,8,0,1,8,335,335,0,208,0,1
TestRowContainer.java,0,0,1,3,0,1,3,335,335,0,156,0,1
Utilities.java,3,0,1,449,0,1,449,236,236,0,7,0,1
VectorRandomBatchSource.java,82,0,1,2,0,1,2,155,155,0,18,15,0
VectorVerifyFast.java,0,0,1,3,0,1,3,335,335,0,198,0,1
TestVectorizationContext.java,0,0,1,48,0,1,48,335,335,0,39,0,1
TestVectorGroupByOperator.java,0,0,1,37,0,1,37,335,335,0,52,0,1
VectorRandomRowSource.java,347,0,6,12,0,6,12,198,103,5,60,0,5
TestTimestampWritableAndColumnVector.java,0,0,1,4,0,1,4,335,335,0,271,0,1
TestWorkloadManager.java,3,0,1,24,0,1,24,236,236,0,10,0,0
VectorizedRowGroupGenUtil.java,0,0,1,12,0,1,12,335,335,0,171,0,1
TestVectorTimestampExtract.java,443,0,3,3,0,3,3,245,155,9,9,20,1
TestVectorMathFunctions.java,0,0,1,13,0,1,13,335,335,0,144,0,1
TestVectorTypeCasts.java,1,0,4,22,0,4,22,198,103,8,81,0,3
TestVectorCastStatement.java,535,0,5,5,0,5,5,129,103,5,5,53,0
TestVectorDateExpressions.java,8,0,1,10,0,1,10,335,335,0,174,0,1
TestVectorExpressionWriters.java,168,0,2,12,0,2,12,245,155,16,166,4,1
TestVectorGenericDateExpressions.java,7,0,1,8,0,1,8,335,335,0,224,0,1
TestVectorStringConcat.java,427,0,1,1,0,1,1,155,155,0,0,23,0
TestVectorDateDiff.java,459,0,3,3,0,3,3,111,67,6,6,21,1
TestVectorStringUnary.java,368,0,1,1,0,1,1,155,155,0,0,19,0
TestVectorStringExpressions.java,48,0,2,28,0,2,28,155,155,13,69,0,2
TestVectorIfStatement.java,34,0,1,2,0,1,2,155,155,0,18,3,0
TestVectorSubStr.java,347,0,1,1,0,1,1,155,155,0,0,18,0
TestVectorDateAddSub.java,475,0,2,2,0,2,2,155,155,13,13,21,0
TestVectorTimestampExpressions.java,22,0,1,11,0,1,11,335,335,0,184,0,1
VectorColumnGroupGenerator.java,0,2,1,3,0,1,3,335,335,0,164,0,1
VerifyFastRow.java,0,1,1,7,0,1,7,335,335,0,111,0,1
TestOperatorSignature.java,0,2,1,4,0,1,4,117,117,0,27,1,0
TestHiveReduceExpressionsWithStatsRule.java,0,0,1,5,0,1,5,335,335,0,65,0,1
TestTxnHandler.java,29,0,1,32,0,1,32,51,51,0,50,0,1
LlapArrowRecordWriter.java,70,0,1,1,0,1,1,311,311,0,0,28,0
LlapCacheAwareFs.java,4,0,1,5,0,1,5,335,335,0,66,2,0
WritableByteChannelAdapter.java,125,0,1,1,0,1,1,311,311,0,0,30,0
LlapOutputFormatService.java,5,0,1,13,0,1,13,311,311,0,67,0,1
ErrorMsg.java,11,0,1,221,1,1,221,51,51,0,16,2,0
DriverUtils.java,77,0,1,1,0,1,1,236,236,0,0,19,0
Driver.java,185,0,6,409,1,6,409,286,238,9,8,136,0
TypeCheckProcFactory.java,3,0,2,120,0,2,120,956,335,5,28,0,2
ColumnStatsSemanticAnalyzer.java,0,26,1,53,0,1,53,103,103,0,38,1,0
CalcitePlanner.java,0,8,3,193,0,3,193,196,58,20,6,2,2
DDLSemanticAnalyzer.java,0,0,2,347,0,2,347,542,403,32,10,0,2
LoadSemanticAnalyzer.java,6,0,2,92,0,2,92,114,27,38,39,0,2
ParseDriver.java,11,0,1,30,0,1,30,335,335,0,124,2,0
BaseSemanticAnalyzer.java,2,0,1,170,0,1,170,335,335,0,21,0,1
ReplicationSemanticAnalyzer.java,26,0,4,63,1,4,63,26,2,7,9,1,3
ImportSemanticAnalyzer.java,0,4,3,103,0,3,103,274,236,19,26,0,2
MetaDataExportListener.java,0,2,1,10,0,1,10,2,2,0,232,0,1
SemanticAnalyzer.java,97,0,16,969,0,16,969,168,17,3,3,24,10
EximUtil.java,4,0,1,43,0,1,43,51,51,0,62,2,0
ExportSemanticAnalyzer.java,15,0,1,38,0,1,38,236,236,0,70,2,0
TaskCompiler.java,2,0,1,78,0,1,78,311,311,0,23,0,1
MaskAndFilterInfo.java,2,0,1,5,0,1,5,17,17,0,202,0,1
ColumnStatsAutoGatherContext.java,1,0,1,7,0,1,7,117,117,0,125,0,1
UpdateDeleteSemanticAnalyzer.java,5,0,2,45,0,2,45,170,103,13,30,1,1
SemanticAnalyzerFactory.java,0,0,1,111,0,1,111,236,236,0,32,0,1
DruidSqlOperatorConverter.java,254,0,4,5,1,4,5,58,58,7,21,26,2
TableMask.java,0,0,1,9,0,1,9,17,17,0,103,0,1
QB.java,4,0,1,39,0,1,39,335,335,0,94,0,1
SessionHiveMetaStoreClient.java,5,0,2,39,0,2,39,220,128,17,37,2,1
Hive.java,118,0,6,407,0,6,407,146,2,5,8,39,2
HiveStorageHandler.java,5,0,1,10,0,1,10,58,58,0,333,0,1
HiveMaterializedViewsRegistry.java,3,0,1,23,0,1,23,335,335,0,24,0,1
UDFToShort.java,4,0,4,24,0,4,24,198,103,8,152,0,3
UDFYear.java,19,0,1,21,0,1,21,335,335,0,174,10,0
UDFWeekOfYear.java,2,0,1,13,0,1,13,335,335,0,262,0,1
UDFMinute.java,24,0,1,12,0,1,12,335,335,0,290,10,0
UDFToInteger.java,5,0,4,29,0,4,29,198,103,8,127,0,3
UDFToString.java,0,0,1,20,0,1,20,335,335,0,188,0,1
UDFToByte.java,5,0,4,25,0,4,25,198,103,8,149,0,3
UDFToBoolean.java,0,0,4,28,0,4,28,198,103,8,132,0,3
UDFDayOfMonth.java,18,0,1,19,0,1,19,335,335,0,193,10,0
UDFSecond.java,20,0,1,12,0,1,12,335,335,0,290,10,0
UDFToLong.java,0,0,1,23,0,1,23,335,335,0,162,0,1
UDFDateFloor.java,0,3,1,5,0,1,5,335,335,0,168,0,1
UDFHour.java,24,0,1,13,0,1,13,335,335,0,266,10,0
UDFFromUnixTime.java,2,0,1,11,0,1,11,335,335,0,348,0,1
UDFMonth.java,21,0,1,20,0,1,20,335,335,0,183,10,0
UDFToDouble.java,0,0,1,20,0,1,20,335,335,0,188,0,1
UDFDayOfWeek.java,0,9,1,3,0,1,3,335,335,0,313,0,1
UDFToFloat.java,0,0,1,22,0,1,22,335,335,0,170,0,1
HiveStrictManagedMigration.java,933,0,3,3,0,3,3,311,311,10,10,81,2
DateTimeMath.java,206,0,1,6,0,1,6,335,335,0,237,12,0
SessionState.java,10,0,3,211,0,3,211,225,128,4,17,0,3
OperationLog.java,5,0,1,19,0,1,19,403,403,0,77,0,1
ConditionalResolverMergeFiles.java,0,0,1,41,0,1,41,236,236,0,81,0,1
CopyWork.java,0,18,1,11,0,1,11,236,236,0,302,4,0
MergeJoinWork.java,1,0,1,19,0,1,19,117,117,0,75,2,0
ColStatistics.java,0,1,1,9,0,1,9,117,117,0,206,0,1
ExprNodeGenericFuncDesc.java,1,0,4,31,0,4,31,612,103,2,101,0,2
TableScanDesc.java,0,2,1,68,0,1,68,117,117,0,45,10,0
ExportWork.java,18,0,1,4,0,1,4,236,236,0,72,2,0
FileSinkDesc.java,9,0,2,68,0,2,68,274,238,35,45,2,1
CreateTableDesc.java,0,0,1,54,0,1,54,311,311,0,57,0,1
StatsUtils.java,32,0,2,89,0,2,89,944,311,32,18,12,0
StatsUpdaterThread.java,652,0,1,1,0,1,1,236,236,0,0,45,0
ColumnStatisticsObjTranslator.java,0,0,1,4,0,1,4,335,335,0,93,0,1
BatchToRowReader.java,6,0,2,5,0,2,5,369,335,3,181,0,2
AcidUtils.java,45,0,3,83,0,3,83,320,236,1,18,9,0
HiveInputFormat.java,44,0,2,158,0,2,158,236,236,14,22,20,1
BucketizedHiveInputFormat.java,40,0,3,18,0,3,18,236,236,7,176,5,2
NullRowsInputFormat.java,6,0,1,10,0,1,10,403,403,0,176,0,1
NoOperatorReuseCheckerHook.java,109,0,2,2,1,2,2,848,117,0,0,19,1
HiveProtoLoggingHook.java,22,0,2,3,0,2,3,31,31,4,25,5,1
PostExecWMEventsSummaryPrinter.java,1,0,1,2,0,1,2,403,403,0,161,0,0
HiveLock.java,26,0,1,3,0,1,3,335,335,0,1424,11,0
DbTxnManager.java,29,0,1,69,0,1,69,58,58,0,22,0,1
DbLockManager.java,14,0,1,21,0,1,21,335,335,0,77,0,1
ExpressionFactory.java,2,0,1,5,0,1,5,680,680,0,54,0,1
MoveTask.java,1,0,1,151,0,1,151,27,27,0,23,1,0
SerializationUtilities.java,2,0,1,21,0,1,21,117,117,0,45,0,1
FunctionRegistry.java,1,0,2,276,0,2,276,232,128,21,12,0,2
CopyTask.java,0,23,1,37,0,1,37,236,236,0,98,5,0
DDLTask.java,27,0,5,474,0,5,474,183,2,8,7,19,2
MaterializedViewTask.java,0,2,1,5,0,1,5,335,335,0,32,0,1
MapOperator.java,5,0,1,101,0,1,101,236,236,0,35,0,1
GroupByOperator.java,0,0,1,106,0,1,106,27,27,0,33,0,1
ReplCopyTask.java,1,0,1,37,1,1,37,51,51,0,16,0,1
CommonMergeJoinOperator.java,17,0,1,29,0,1,29,27,27,0,48,3,0
ColumnStatsUpdateTask.java,0,0,1,17,0,1,17,335,335,0,87,0,1
FileSinkOperator.java,24,0,2,192,0,2,192,214,117,40,18,32,0
KeyWrapperFactory.java,12,0,1,8,0,1,8,236,236,0,394,0,1
FetchTask.java,1,0,3,61,0,3,61,335,335,20,58,0,3
FetchOperator.java,27,0,2,106,0,2,106,320,236,24,31,0,2
ExportTask.java,0,2,2,5,0,2,5,134,31,23,60,0,2
OperatorUtils.java,0,0,1,32,0,1,32,117,117,0,60,0,1
SamplePruner.java,1,0,1,23,0,1,23,27,27,0,162,0,1
FixedBucketPruningOptimizer.java,16,0,1,7,0,1,7,335,335,0,159,2,0
ConvertJoinMapJoin.java,76,0,3,78,0,3,78,152,27,6,22,3,1
SimpleFetchOptimizer.java,7,0,1,39,0,1,39,311,311,0,55,1,0
StatsOptimizer.java,2,0,3,43,0,3,43,235,58,12,40,0,3
SplitOpTreeForDPP.java,3,0,1,9,0,1,9,117,117,0,132,0,1
CopyUtils.java,30,0,2,15,1,2,15,51,51,8,22,12,1
TableExport.java,16,0,3,16,1,3,16,106,31,22,23,9,1
PartitionExport.java,5,0,1,7,0,1,7,236,236,0,45,2,0
FileOperations.java,89,0,5,13,1,5,13,144,51,10,29,18,1
TableSerializer.java,8,0,1,9,0,1,9,51,51,0,54,3,0
PartitionSerializer.java,8,0,1,7,0,1,7,51,51,0,72,1,0
AlterDatabaseHandler.java,4,0,1,6,0,1,6,51,51,0,34,0,1
DropPartitionHandler.java,0,39,1,14,0,1,14,51,51,0,33,3,0
MetaDataFormatUtils.java,0,0,1,43,0,1,43,335,335,0,67,0,1
GenericUDFCurrentAuthorizer.java,120,0,1,1,0,1,1,128,128,0,0,23,0
GenericUDFOPDTIMinus.java,0,0,1,4,0,1,4,335,335,0,396,0,1
GenericUDFCurrentTimestamp.java,3,0,1,5,0,1,5,335,335,0,308,0,1
GenericUDFDateSub.java,0,21,2,11,0,2,11,196,58,10,163,0,2
GenericUDFAddMonths.java,54,0,2,9,0,2,9,170,4,19,155,5,1
GenericUDFReflect2.java,0,0,1,7,0,1,7,335,335,0,324,0,1
GenericUDFDateFormat.java,6,0,1,3,0,1,3,335,335,0,580,0,1
GenericUDFDateDiff.java,1,0,1,10,0,1,10,335,335,0,181,0,1
GenericUDFUnixTimeStamp.java,1,0,1,7,0,1,7,335,335,0,331,0,1
GenericUDFOPDTIPlus.java,0,0,1,4,0,1,4,335,335,0,396,0,1
GenericUDFFromUtcTimestamp.java,0,27,1,12,0,1,12,335,335,0,227,7,0
GenericUDFDate.java,0,1,1,11,0,1,11,335,335,0,163,0,1
GenericUDFTrunc.java,0,5,1,11,0,1,11,335,335,0,120,0,1
GenericUDFDateAdd.java,0,1,1,10,0,1,10,335,335,0,181,2,0
GenericUDFConcat.java,0,5,1,9,0,1,9,155,155,0,216,0,1
GenericUDFTimestamp.java,0,0,1,14,0,1,14,335,335,0,192,2,0
GenericUDTFGetSplits.java,48,0,8,42,0,8,42,239,2,4,20,8,2
GenericUDFMask.java,0,0,1,4,0,1,4,335,335,0,263,0,1
GenericUDAFComputeStats.java,0,0,1,26,0,1,26,335,335,0,82,6,0
GenericUDFInBloomFilter.java,0,1,1,5,0,1,5,335,335,0,128,0,1
GenericUDAFBloomFilter.java,0,1,1,13,0,1,13,335,335,0,42,0,1
GenericUDFLastDay.java,0,4,1,7,0,1,7,335,335,0,207,0,1
GenericUDFNextDay.java,1,0,1,5,0,1,5,335,335,0,306,0,1
GenericUDFMonthsBetween.java,5,0,1,4,0,1,4,335,335,0,389,0,1
GenericUDF.java,53,0,1,29,0,1,29,335,335,0,119,0,1
GenericUDFToUnixTimeStamp.java,0,0,1,12,0,1,12,335,335,0,180,0,1
GenericUDFMaskHash.java,0,1,1,4,0,1,4,335,335,0,263,0,1
GenericUDFCurrentDate.java,0,1,1,5,0,1,5,335,335,0,308,0,1
BaseMaskUDF.java,0,1,1,3,0,1,3,335,335,0,394,0,1
GenericUDFQuarter.java,0,4,1,3,0,1,3,335,335,0,570,0,1
GenericUDFRestrictInformationSchema.java,2,0,1,2,0,1,2,128,128,0,22,0,1
ValueBoundaryScanner.java,0,1,1,4,0,1,4,335,335,0,176,0,1
OrcRecordUpdater.java,71,0,2,34,0,2,34,403,403,14,46,0,2
WriterImpl.java,14,0,2,82,0,2,82,369,335,3,23,0,2
RecordReaderImpl.java,20,0,3,165,0,3,165,253,21,12,11,1,2
OrcRawRecordMerger.java,24,0,3,39,0,3,39,403,403,12,40,4,1
ReaderImpl.java,0,0,1,89,0,1,89,403,403,0,21,0,1
OrcFile.java,14,0,2,61,0,2,61,369,335,0,32,0,2
VectorizedOrcInputFormat.java,6,0,1,33,0,1,33,403,403,0,58,0,1
Reader.java,0,0,1,56,0,1,56,403,403,0,35,7,0
VectorizedOrcAcidRowBatchReader.java,27,0,6,21,1,6,21,220,21,6,33,30,3
OrcInputFormat.java,26,0,5,187,0,5,187,244,2,6,10,7,5
MapredParquetInputFormat.java,6,0,1,20,0,1,20,403,403,0,83,0,1
ArrowColumnarBatchSerDe.java,277,0,3,3,0,3,3,88,21,14,14,58,1
ArrowWrapperWritable.java,61,0,2,2,0,2,2,233,155,10,10,16,1
RootAllocatorFactory.java,53,0,2,2,0,2,2,233,155,10,10,20,0
EncodedTreeReaderFactory.java,172,0,2,19,0,2,19,369,335,20,64,6,1
ColumnTruncateMapper.java,2,0,1,12,0,1,12,236,236,0,167,0,1
ETypeConverter.java,0,58,2,26,0,2,26,172,9,34,63,0,1
DataWritableWriter.java,0,0,1,19,0,1,19,335,335,0,88,0,1
NanoTimeUtils.java,0,0,1,16,0,1,16,335,335,0,97,0,1
VectorizedPrimitiveColumnReader.java,62,0,2,13,0,2,13,172,9,34,46,0,1
BaseVectorizedColumnReader.java,0,0,1,4,0,1,4,335,335,0,62,0,1
ParquetDataColumnReader.java,2,0,3,5,0,3,5,172,9,16,31,3,1
ParquetDataColumnReaderFactory.java,178,0,3,6,0,3,6,172,9,16,24,0,2
ParquetStringInspector.java,0,0,1,6,0,1,6,335,335,0,318,2,0
QueryResultsCache.java,6,0,1,11,0,1,11,311,311,0,13,3,0
HiveAuthorizationProviderBase.java,15,0,2,11,0,2,11,175,128,7,270,8,1
StorageBasedAuthorizationProvider.java,7,0,2,25,0,2,25,175,128,7,83,0,2
PolicyProviderContainer.java,77,0,1,1,0,1,1,128,128,0,0,19,0
PrivilegeSynchonizer.java,8,0,1,2,0,1,2,128,128,0,22,2,0
HiveMetastoreAuthorizationProvider.java,7,0,1,5,0,1,5,128,128,0,499,4,0
BitSetCheckedAuthorizationProvider.java,0,1,1,3,0,1,3,222,222,0,1002,1,0
HDFSPermissionPolicyProvider.java,120,0,1,1,0,1,1,128,128,0,0,22,0
AuthorizationPreEventListener.java,2,0,1,17,0,1,17,222,222,0,124,0,1
HiveV1Authorizer.java,0,0,1,16,0,1,16,128,128,0,93,0,1
SQLAuthorizationUtils.java,0,0,1,23,0,1,23,128,128,0,71,0,1
CompactorMR.java,0,36,2,59,0,2,59,236,236,15,26,2,1
Cleaner.java,6,0,1,22,0,1,22,2,2,0,71,0,1
VectorHashKeyWrapper.java,0,1,1,27,0,1,27,335,335,0,71,0,1
VectorColumnAssignFactory.java,0,1,1,20,0,1,20,335,335,0,89,0,1
VectorExtractRow.java,3,0,1,22,0,1,22,335,335,0,55,1,0
VectorMapOperator.java,0,1,1,34,0,1,34,21,21,0,57,0,1
VectorBatchDebug.java,0,1,1,3,0,1,3,335,335,0,164,0,1
VectorSerializeRow.java,4,0,1,14,0,1,14,335,335,0,89,1,0
VectorizedBatchUtil.java,0,7,4,37,0,4,37,198,103,8,51,0,3
TimestampUtils.java,0,0,2,16,0,2,16,335,335,0,123,49,0
VectorAssignRow.java,0,0,1,12,0,1,12,335,335,0,105,0,1
VectorHashKeyWrapperBatch.java,0,0,3,33,0,3,33,129,103,2,57,0,2
VectorizedInputFormatInterface.java,1,0,1,3,0,1,3,403,403,0,931,0,1
VectorDeserializeRow.java,0,0,1,20,0,1,20,335,335,0,61,0,1
VectorizedRowBatchCtx.java,0,17,3,75,0,3,75,253,21,4,25,6,2
VectorizationContext.java,25,0,6,165,0,6,165,249,103,5,11,2,3
VectorExpressionDescriptor.java,0,26,3,27,0,3,27,129,103,2,64,0,2
ReplDumpTask.java,5,0,2,19,1,2,19,144,51,44,19,0,2
ReplUtils.java,123,0,2,2,0,2,2,51,51,17,17,23,0
ReduceRecordSource.java,10,0,1,36,0,1,36,27,27,0,38,1,0
TezSessionState.java,25,0,2,92,0,2,92,182,128,2,19,3,1
HiveSplitGenerator.java,41,0,4,52,0,4,52,403,403,5,29,10,0
TezTask.java,4,0,1,113,0,1,113,236,236,0,15,0,0
VectorUDFAdaptor.java,0,12,2,25,0,2,25,369,335,3,72,0,2
StringLTrim.java,11,0,1,4,0,1,4,155,155,0,575,2,0
VectorUDFDateAddScalarCol.java,15,0,2,18,0,2,18,245,155,18,92,0,2
CastDateToBoolean.java,61,0,3,3,0,3,3,129,103,2,2,42,0
IfExprStringScalarVarCharScalar.java,0,2,1,4,0,1,4,155,155,0,455,0,1
VectorUDFTimestampFieldDate.java,2,0,1,11,0,1,11,335,335,0,86,0,1
CastDecimalToDecimal.java,0,0,3,16,0,3,16,129,103,2,105,0,2
IfExprVarCharScalarStringGroupColumn.java,0,1,1,4,0,1,4,155,155,0,455,0,1
IfExprCharScalarStringScalar.java,0,2,1,4,0,1,4,155,155,0,455,0,1
ConstantVectorExpression.java,1,0,1,27,0,1,27,335,335,0,71,0,1
DecimalColumnInList.java,0,1,1,13,0,1,13,335,335,0,128,0,1
DynamicValueVectorExpression.java,0,0,1,5,0,1,5,335,335,0,126,0,1
VectorUDFDateAddColCol.java,125,0,2,17,0,2,17,245,155,18,98,1,1
VectorUDFDateDiffColCol.java,37,0,2,16,0,2,16,201,67,17,104,12,1
StringSubstrColStartLen.java,0,1,1,17,0,1,17,155,155,0,112,0,1
DateScalarSubtractDateColumn.java,0,2,1,12,0,1,12,335,335,0,78,0,1
CastMillisecondsLongToTimestamp.java,0,2,1,13,0,1,13,335,335,0,71,0,1
VectorUDFUnixTimeStampDate.java,0,0,1,5,0,1,5,335,335,0,215,0,1
CastTimestampToString.java,68,0,1,1,0,1,1,335,335,0,0,19,0
IfExprStringScalarCharScalar.java,0,2,1,4,0,1,4,155,155,0,455,0,1
DateColSubtractDateScalar.java,0,2,1,12,0,1,12,335,335,0,78,0,1
IfExprVarCharScalarStringScalar.java,0,2,1,4,0,1,4,155,155,0,455,0,1
StringScalarConcatStringGroupCol.java,0,0,1,12,0,1,12,155,155,0,125,0,1
VectorUDFDateDiffScalarCol.java,0,0,1,17,0,1,17,335,335,0,98,0,1
CastDoubleToDecimal.java,13,0,4,10,0,4,10,129,103,2,176,0,3
VectorUDFDateAddColScalar.java,0,1,1,17,0,1,17,335,335,0,98,0,1
NullVectorExpression.java,56,0,3,3,0,3,3,129,103,2,2,34,0
VectorUDFDateString.java,0,11,1,10,0,1,10,335,335,0,174,0,1
CastLongToTimestamp.java,0,2,1,13,0,1,13,335,335,0,71,0,1
CastTimestampToDate.java,0,0,1,5,0,1,5,335,335,0,215,0,1
StringSubstrColStart.java,0,1,1,16,0,1,16,155,155,0,120,0,1
CastLongToDate.java,0,1,1,12,0,1,12,335,335,0,142,0,1
CastDateToString.java,7,0,1,5,0,1,5,335,335,0,386,0,1
CastTimestampToVarChar.java,55,0,1,1,0,1,1,335,335,0,0,16,0
VectorUDFUnixTimeStampString.java,8,0,1,4,0,1,4,335,335,0,553,0,1
VectorExpressionWriter.java,0,0,1,8,0,1,8,335,335,0,263,0,1
CastTimestampToDouble.java,0,2,1,12,0,1,12,335,335,0,78,0,1
CastStringToDecimal.java,0,0,3,16,0,3,16,129,103,2,105,0,2
DateColSubtractDateColumn.java,0,3,1,12,0,1,12,335,335,0,78,0,1
CastTimestampToLong.java,38,0,3,14,0,3,14,129,103,2,64,0,2
TimestampToStringUnaryUDF.java,0,0,1,11,0,1,11,335,335,0,86,0,1
CastLongToDecimal.java,0,0,3,8,0,3,8,129,103,2,225,0,2
VectorUDFTimestampFieldTimestamp.java,2,0,1,11,0,1,11,335,335,0,86,0,1
CastStringToDate.java,0,0,1,13,0,1,13,335,335,0,130,0,1
CastTimestampToChar.java,54,0,1,1,0,1,1,335,335,0,0,16,0
StringGroupColConcatStringScalar.java,0,1,1,12,0,1,12,155,155,0,125,0,1
CastTimestampToDecimal.java,3,0,1,8,0,1,8,335,335,0,229,0,1
IfExprCharScalarStringGroupColumn.java,0,1,1,4,0,1,4,155,155,0,455,0,1
VectorExpressionWriterFactory.java,7,0,2,31,0,2,31,245,155,16,61,2,1
StringRTrim.java,10,0,1,4,0,1,4,155,155,0,575,3,0
CastDateToTimestamp.java,0,0,1,6,0,1,6,335,335,0,68,0,1
VectorUDFDateDiffColScalar.java,0,2,1,17,0,1,17,335,335,0,98,0,1
VectorUDFDateTimestamp.java,0,9,1,6,0,1,6,335,335,0,172,0,1
StringTrim.java,13,0,1,4,0,1,4,155,155,0,575,3,0
VectorInBloomFilterColDynamicValue.java,1,0,1,6,0,1,6,403,403,0,100,0,1
VectorUDFTimestampFieldString.java,2,0,1,14,0,1,14,335,335,0,127,0,1
VectorUDFDayOfWeekString.java,2,0,1,4,0,1,4,335,335,0,209,0,1
StringGroupConcatColCol.java,0,0,1,12,0,1,12,155,155,0,125,0,1
VectorUDFDateLong.java,0,8,1,7,0,1,7,335,335,0,261,0,1
IfExprStringGroupColumnCharScalar.java,0,1,1,4,0,1,4,155,155,0,455,0,1
CastFloatToDecimal.java,65,0,3,3,0,3,3,129,103,2,2,40,0
IfExprStringGroupColumnVarCharScalar.java,0,0,1,4,0,1,4,155,155,0,455,0,1
VectorPTFEvaluatorDecimalFirstValue.java,0,0,3,7,0,3,7,129,103,2,52,0,2
VectorPTFGroupBatches.java,0,0,3,8,0,3,8,129,103,2,44,0,2
VectorUDAFBloomFilter.java,1,0,1,11,0,1,11,403,403,0,50,0,1
VectorUDAFSumDecimal.java,0,0,3,20,0,3,20,129,103,2,82,0,2
VectorUDAFSumDecimal64ToDecimal.java,0,0,3,6,0,3,6,129,103,2,42,0,2
ReplLoadTask.java,10,0,3,14,1,3,14,51,51,10,24,0,3
ReplLoadWork.java,2,0,1,8,0,1,8,51,51,0,42,0,1
LoadDatabase.java,46,0,2,7,0,2,7,51,51,17,52,8,0
LoadConstraint.java,81,0,1,6,0,1,6,51,51,0,55,0,1
LoadFunction.java,26,0,1,7,0,1,7,51,51,0,52,0,1
TaskTracker.java,15,0,1,4,0,1,4,51,51,0,98,2,0
DatabaseEventsIterator.java,0,0,1,4,1,1,4,51,51,0,105,0,1
FSTableEvent.java,0,0,1,5,0,1,5,51,51,0,78,0,1
LoadPartitions.java,21,0,3,23,0,3,23,181,51,8,14,7,1
LoadTable.java,0,18,3,23,0,3,23,181,51,8,14,6,1
MemoryDecider.java,0,0,1,5,0,1,5,117,117,0,270,0,1
SerializeFilter.java,0,2,1,6,0,1,6,117,117,0,214,0,1
Vectorizer.java,153,0,2,208,0,2,208,279,155,5,8,16,0
HiveRelOptUtil.java,113,0,1,12,0,1,12,335,335,0,100,12,0
RelOptHiveTable.java,3,0,1,56,0,1,56,335,335,0,26,3,0
OpTraitsRulesProcFactory.java,25,0,1,19,0,1,19,27,27,0,85,10,0
StatsRulesProcFactory.java,162,0,3,74,0,3,74,117,117,2,22,3,2
HiveFilterProjectTransposeRule.java,6,0,1,6,0,1,6,28,28,0,257,4,0
HiveRelDecorrelator.java,0,90,1,15,0,1,15,335,335,0,38,153,0
HiveReduceExpressionsWithStatsRule.java,1,0,2,7,0,2,7,323,311,3,123,0,2
HiveDruidRules.java,222,0,1,4,0,1,4,58,58,0,49,53,0
HiveDateAddSqlOperator.java,30,0,1,1,0,1,1,58,58,0,0,16,0
HiveToDateSqlOperator.java,37,0,1,1,0,1,1,58,58,0,0,20,0
HiveFromUnixTimeSqlOperator.java,32,0,1,1,0,1,1,58,58,0,0,19,0
HiveExtractDate.java,0,2,1,7,0,1,7,58,58,0,103,0,1
HiveDateSubSqlOperator.java,30,0,1,1,0,1,1,58,58,0,0,16,0
HiveUnixTimestampSqlOperator.java,32,0,1,1,0,1,1,58,58,0,0,19,0
HiveTruncSqlOperator.java,36,0,1,1,0,1,1,58,58,0,0,19,0
HiveVolcanoPlanner.java,3,0,1,16,0,1,16,335,335,0,93,0,1
SqlFunctionConverter.java,15,0,3,60,0,3,60,58,58,18,24,0,3
ExprNodeConverter.java,0,0,1,39,0,1,39,335,335,0,37,0,1
RexNodeConverter.java,20,0,2,55,0,2,55,196,58,26,26,3,0
ProtoMessageWritable.java,0,0,1,2,0,1,2,31,31,0,46,7,0
DatePartitionedLogger.java,10,0,1,2,0,1,2,31,31,0,46,8,0
ProtoMessageWriter.java,0,0,1,2,0,1,2,31,31,0,46,7,0
ProtoMessageReader.java,0,0,1,2,0,1,2,31,31,0,46,7,0
TestDruidSerDe.java,0,2,2,17,0,2,17,176,17,7,42,0,2
DruidStorageHandler.java,16,0,2,31,0,2,31,38,17,17,22,0,2
DruidStorageHandlerUtils.java,0,1,2,28,0,2,28,58,58,18,24,1,1
DruidGroupByQueryRecordReader.java,0,55,1,15,0,1,15,58,58,0,46,2,0
DruidScanQueryRecordReader.java,0,1,1,3,0,1,3,58,58,0,60,0,1
DruidSerDeUtils.java,0,3,1,8,0,1,8,58,58,0,93,0,1
DruidSerDe.java,6,0,3,28,0,3,28,137,17,10,25,10,2
DruidQueryBasedInputFormat.java,0,2,1,19,0,1,19,58,58,0,29,1,0
TestTimestampTZ.java,0,1,1,5,0,1,5,335,335,0,101,0,1
TestHiveDecimalOrcSerializationUtils.java,0,8,1,3,0,1,3,335,335,0,272,0,1
Retry.java,76,0,1,1,0,1,1,403,403,0,0,0,0
TestTimestampParser.java,3,0,1,3,0,1,3,335,335,0,616,0,1
TestDateParser.java,0,1,1,4,0,1,4,335,335,0,248,1,0
RetryTestRunner.java,107,0,1,1,0,1,1,403,403,0,0,0,0
CompressionUtils.java,4,0,1,6,0,1,6,202,202,0,423,0,0
HiveConf.java,23,0,28,1280,0,28,1280,182,8,1,2,1,26
TimestampTZUtil.java,0,2,1,4,0,1,4,335,335,0,100,4,0
Timestamp.java,235,0,1,1,0,1,1,335,335,0,0,33,0
DateParser.java,0,2,1,5,0,1,5,335,335,0,186,1,0
TimestampParser.java,0,8,1,4,0,1,4,335,335,0,411,2,0
DateUtils.java,2,0,1,13,0,1,13,335,335,0,100,0,1
ShutdownHookManager.java,4,0,1,10,0,1,10,128,128,0,213,0,1
DummyHCatAuthProvider.java,7,0,1,43,0,1,43,128,128,0,45,0,1
ReaderWriter.java,1,0,1,67,0,1,67,335,335,0,29,0,1
DataType.java,0,0,1,67,0,1,67,335,335,0,29,0,1
HCatRecord.java,0,0,1,68,0,1,68,335,335,0,28,0,1
TestHCatPartitionPublish.java,6,0,1,45,0,1,45,335,335,0,42,0,0
HCatBaseTest.java,24,0,2,37,0,2,37,335,335,2,52,0,0
TestDefaultHCatRecord.java,0,0,1,66,0,1,66,335,335,0,29,0,1
TestJsonSerDe.java,0,0,1,49,0,1,49,335,335,0,40,0,1
HiveEndPoint.java,0,10,1,34,0,1,34,238,238,0,46,28,0
HCatLoader.java,1,0,1,78,0,1,78,335,335,0,25,0,1
HCatBaseStorer.java,0,0,1,58,0,1,58,335,335,0,33,0,1
PigHCatUtil.java,1,0,1,74,0,1,74,335,335,0,26,0,1
AbstractHCatLoaderTest.java,8,0,1,8,0,1,8,335,335,0,77,2,0
TestHCatLoaderComplexSchema.java,12,0,1,55,0,1,55,335,335,0,35,0,1
AbstractHCatStorerTest.java,0,6,1,6,0,1,6,335,335,0,122,0,1
DatabaseAccessorFactory.java,1,0,1,4,0,1,4,128,128,0,151,0,1
TestMiniDruidKafkaCliDriver.java,0,0,2,3,0,2,3,176,17,32,45,0,1
DummyRawStoreFailEvent.java,21,0,2,48,0,2,48,182,128,8,12,0,2
QTestUtil.java,22,0,3,313,0,3,313,176,17,14,11,0,1
QOutProcessor.java,34,0,2,4,0,2,4,335,335,2,22,0,0
CliConfigs.java,7,0,4,31,0,4,31,225,17,10,22,0,1
DummyHiveMetastoreAuthorizationProvider.java,4,0,1,8,0,1,8,128,128,0,285,0,1
SQLStdHiveAuthorizationValidatorForTest.java,4,0,2,13,0,2,13,176,17,14,120,1,1
MiniHS2.java,2,0,1,45,0,1,45,335,335,0,37,0,0
TestQOutProcessor.java,0,0,2,3,0,2,3,335,335,2,32,0,0
TestDanglingQOuts.java,1,0,1,3,0,1,3,335,335,0,117,0,0
TestAcidOnTez.java,2,0,2,22,0,2,22,335,335,12,31,0,1
TestWarehouseExternalDir.java,193,0,1,1,0,1,1,311,311,0,0,18,0
TestAutoPurgeTables.java,12,0,2,7,0,2,7,369,335,2,68,0,0
TestTransactionalValidationListener.java,127,0,3,3,0,3,3,169,27,0,0,12,0
TestReplChangeManager.java,3,0,2,13,0,2,13,156,2,17,44,0,2
TestReplicationOnHDFSEncryptedZones.java,2,0,2,4,0,2,4,26,2,17,44,0,2
TestReplicationScenariosAcidTables.java,95,0,2,5,0,2,5,26,2,18,18,5,1
TestReplicationScenariosAcrossInstances.java,534,0,7,26,0,7,26,28,2,3,16,39,4
TestExportImport.java,42,0,1,8,0,1,8,51,51,0,41,1,0
WarehouseInstance.java,83,0,3,26,0,3,26,51,51,8,16,0,3
TestReplicationScenarios.java,93,0,3,86,1,3,86,26,2,10,6,0,3
TestHDFSPermissionPolicyProvider.java,189,0,1,1,0,1,1,128,128,0,0,19,0
TestHiveAuthorizerCheckInvocation.java,2,0,1,23,0,1,23,2,2,0,63,0,1
TestCompactor.java,98,0,3,48,0,3,48,320,236,17,29,4,1
TestCleanerWithReplication.java,8,0,1,3,0,1,3,2,2,0,38,0,1
TestTriggersNoTezSessionPool.java,9,0,1,6,0,1,6,403,403,0,44,0,1
TestJdbcWithMiniLlapRow.java,45,0,1,1,0,1,1,311,311,0,0,19,0
TestTriggersWorkloadManager.java,9,0,1,10,0,1,10,403,403,0,26,0,1
TestRestrictedList.java,0,1,1,4,0,1,4,128,128,0,53,0,1
TestJdbcGenericUDTFGetSplits.java,190,0,4,4,0,4,4,403,403,5,5,45,1
TestJdbcDriver2.java,22,0,1,109,1,1,109,51,51,0,17,2,0
BaseJdbcWithMiniLlap.java,628,0,3,3,0,3,3,323,311,20,20,6,2
TestTriggersTezSessionPoolManager.java,60,0,2,14,0,2,14,369,335,27,18,16,0
TestTriggersMoveWorkloadManager.java,12,0,4,10,0,4,10,542,403,10,23,0,2
AbstractJdbcTriggersTest.java,31,0,2,8,0,2,8,357,311,24,31,0,2
TestJdbcWithMiniLlapArrow.java,230,0,3,3,0,3,3,222,21,14,14,63,2
TestActivePassiveHA.java,31,0,1,10,0,1,10,202,202,0,6,0,1
TestJdbcWithMiniHS2.java,4,0,3,49,0,3,49,115,2,4,34,2,2
TestSSL.java,1,0,1,16,0,1,16,335,335,0,110,0,0
TestSchemaToolCatalogOps.java,42,0,1,2,0,1,2,222,222,0,33,0,1
TestBeeLineWithArgs.java,3,0,1,52,0,1,52,335,335,0,36,0,0
TestInformationSchemaWithPrivilege.java,0,1,3,4,0,3,4,232,128,12,12,0,2
TestBeelineWithUserHs2ConnectionFile.java,0,0,1,4,0,1,4,117,117,0,201,0,1
BeelineWithHS2ConnectionFileTestBase.java,18,0,1,4,0,1,4,117,117,0,200,0,1
TestBeelineConnectionUsingHiveSite.java,16,0,1,5,0,1,5,117,117,0,151,0,1
Murmur3Bench.java,107,0,1,1,0,1,1,236,236,0,0,0,0
ColumnVectorGenUtil.java,1,0,1,2,0,1,2,335,335,0,105,0,1
GenVectorCode.java,0,30,5,48,0,5,48,198,103,6,36,0,4
TestStructColumnVector.java,1,0,2,11,0,2,11,335,335,20,108,0,2
TestMurmur3.java,25,0,1,10,0,1,10,236,236,0,133,0,0
SearchArgumentImpl.java,0,6,1,33,0,1,33,403,403,0,54,3,0
BytesColumnVector.java,0,1,1,31,0,1,31,155,155,0,62,1,0
TimestampColumnVector.java,0,0,2,16,0,2,16,335,335,20,58,0,2
DateWritable.java,1,0,1,11,0,1,11,335,335,0,178,0,1
Murmur3.java,46,0,1,11,0,1,11,236,236,0,120,0,0
BloomKFilter.java,0,0,1,4,0,1,4,236,236,0,97,0,0
LlapBaseInputFormat.java,17,0,1,30,0,1,30,311,311,0,26,0,1
LlapArrowRowInputFormat.java,53,0,1,1,0,1,1,311,311,0,0,18,0
LlapArrowRowRecordReader.java,107,0,1,1,0,1,1,311,311,0,0,31,0
LlapArrowBatchRecordReader.java,82,0,1,1,0,1,1,311,311,0,0,21,0
TestRpc.java,2,0,1,12,0,1,12,77,77,0,113,0,0
TestChunkedInputStream.java,0,2,1,4,0,1,4,335,335,0,135,0,1
LlapTokenSelector.java,0,0,1,4,0,1,4,403,403,0,303,0,1
